{
  "timer_order": {
    "2025-08-18": [],
    "2025-08-19": [],
    "2025-08-20": [],
    "2025-08-21": [],
    "2025-08-22": [],
    "2025-08-23": [],
    "2025-08-17": [],
    "2025-08-26": [],
    "2025-08-25": [],
    "2025-08-24": [
      22,
      23
    ],
    "2025-08-27": [],
    "2025-08-28": [],
    "2025-08-29": [
      28,
      29
    ],
    "2025-08-30": [
      30,
      31
    ],
    "2025-09-06": [
      32,
      33
    ],
    "2025-09-05": [
      34,
      35
    ],
    "2025-09-04": [],
    "2025-08-12": [],
    "2025-08-11": [],
    "2026-02-26": []
  }
}